ID,geslo,ime_priimek,višina,teža,rojstvo,država,ekipa,pozicija,GP,MP_game,Tri_FG,Tri_pct,FT_game,FT_pct,RPG,APG,PPG
abrinal01,a/abrinal01,Álex Abrines,198,90,1993,Spain,OKC,SG,31,19.0,1.3,.323,0.4,.923,1.5,0.6,5.3
acyqu01,a/acyqu01,Quincy Acy,201,108,1990,Texas,PHO,PF,10,12.3,0.2,.133,0.7,.700,2.5,0.8,1.7
adamsja01,a/adamsja01,Jaylen Adams,188,86,1996,Maryland,ATL,PG,34,12.6,0.7,.338,0.2,.778,1.8,1.9,3.2
adamsst01,a/adamsst01,Steven Adams,211,120,1993,New Zealand,OKC,C,80,33.4,0.0,.000,1.8,.500,9.5,1.6,13.9
adebaba01,a/adebaba01,Bam Adebayo,206,115,1997,New Jersey,MIA,C,82,23.3,0.0,.200,2.0,.735,7.3,2.2,8.9
adelde01,a/adelde01,Deng Adel,201,90,1997,South Sudan,CLE,SF,19,10.2,0.3,.261,0.2,1.000,1.0,0.3,1.7
akoonde01,a/akoonde01,DeVaughn Akoon-Purcell,198,90,1993,Florida,DEN,SG,7,3.1,0.0,.000,0.1,.500,0.6,0.9,1.0
aldrila01,a/aldrila01,LaMarcus Aldridge,211,117,1985,Texas,SAS,C,81,33.2,0.1,.238,4.3,.847,9.2,2.4,21.3
alkinra01,a/alkinra01,Rawle Alkins,196,102,1997,New York,CHI,SG,10,12.0,0.3,.250,0.8,.667,2.6,1.3,3.7
allengr01,a/allengr01,Grayson Allen,193,89,1995,Florida,UTA,SG,38,10.9,0.8,.323,1.2,.750,0.6,0.7,5.6
allenja01,a/allenja01,Jarrett Allen,211,107,1998,Texas,BRK,C,80,26.2,0.1,.133,2.5,.709,8.4,1.4,10.9
allenka01,a/allenka01,Kadeem Allen,185,90,1993,North Carolina,NYK,SG,19,21.9,0.9,.472,2.2,.778,2.7,4.0,9.9
aminual01,a/aminual01,Al-Farouq Aminu,203,99,1990,Georgia,POR,PF,81,28.3,1.2,.343,1.9,.867,7.5,1.3,9.4
anderju01,a/anderju01,Justin Anderson,198,104,1993,Virginia,ATL,SF,48,9.6,0.5,.312,0.5,.743,1.8,0.5,3.7
anderky01,a/anderky01,Kyle Anderson,206,104,1993,New Jersey,MEM,SF,43,29.8,0.2,.265,0.9,.578,5.8,3.0,8.0
anderry01,a/anderry01,Ryan Anderson,206,108,1988,California,TOT,PF,25,12.9,0.4,.225,0.5,.750,2.2,0.8,2.5
anigbik01,a/anigbik01,Ike Anigbogu,208,113,1998,California,IND,C,3,2.0,0.0,,0.0,,1.0,0.3,0.0
antetgi01,a/antetgi01,Giannis Antetokounmpo,211,109,1994,Greece,MIL,PF,72,32.8,0.7,.256,6.9,.729,12.5,5.9,27.7
antetko01,a/antetko01,Kostas Antetokounmpo,208,90,1997,Greece,DAL,PF,2,5.5,0.0,,1.0,.500,0.5,0.0,1.0
anthoca01,a/anthoca01,Carmelo Anthony,203,108,1984,New York,HOU,PF,10,29.4,2.1,.328,1.5,.682,5.4,0.5,13.4
anunoog01,a/anunoog01,OG Anunoby,201,105,1997,United Kingdom,TOR,SF,67,20.2,1.0,.332,0.5,.581,2.9,0.7,7.0
arcidry01,a/arcidry01,Ryan Arcidiacono,190,88,1994,Pennsylvania,CHI,PG,81,24.2,1.0,.373,1.1,.873,2.7,3.3,6.7
arizatr01,a/arizatr01,Trevor Ariza,203,97,1985,Florida,TOT,SF,69,34.0,2.1,.334,1.9,.793,5.4,3.7,12.5
augusdj01,a/augusdj01,D.J. Augustin,180,83,1987,Louisiana,ORL,PG,81,28.0,1.6,.421,2.2,.866,2.5,5.3,11.7
aytonde01,a/aytonde01,Deandre Ayton,211,113,1998,Bahamas,PHO,C,71,30.7,0.0,.000,2.0,.746,10.3,1.8,16.3
bacondw01,b/bacondw01,Dwayne Bacon,198,100,1995,Florida,CHO,SG,43,17.7,0.9,.437,0.8,.739,2.1,1.1,7.3
baglema01,b/baglema01,Marvin Bagley III,211,108,1999,Arizona,SAC,PF,62,25.3,0.5,.313,2.9,.691,7.6,1.0,14.9
bakerro01,b/bakerro01,Ron Baker,193,99,1993,Kansas,TOT,SG,15,10.1,0.1,.077,0.3,.833,0.7,1.0,0.9
baldwwa01,b/baldwwa01,Wade Baldwin,193,90,1996,New Jersey,POR,PG,16,5.9,0.1,.222,0.5,.727,0.9,0.8,1.9
balllo01,b/balllo01,Lonzo Ball,198,86,1997,California,LAL,PG,47,30.3,1.6,.329,0.4,.417,5.3,5.4,9.9
bambamo01,b/bambamo01,Mo Bamba,213,109,1998,New York,ORL,C,47,16.3,0.4,.300,0.8,.587,5.0,0.8,6.2
bareajo01,b/bareajo01,J.J. Barea,178,83,1984,Puerto Rico,DAL,PG,38,19.8,1.0,.297,1.4,.705,2.5,5.6,10.9
barneha02,b/barneha02,Harrison Barnes,203,102,1992,Iowa,TOT,"PF,SF",77,32.9,2.3,.395,3.0,.824,4.7,1.5,16.4
bartowi01,b/bartowi01,Will Barton,196,79,1991,Maryland,DEN,SF,43,27.7,1.6,.342,1.3,.770,4.6,2.9,11.5
bateske01,b/bateske01,Keita Bates-Diop,203,103,1996,Illinois,MIN,SF,30,16.8,0.4,.250,0.6,.643,2.8,0.6,5.0
batumni01,b/batumni01,Nicolas Batum,206,90,1988,France,CHO,SF,75,31.4,1.5,.389,1.0,.865,5.2,3.3,9.3
bayleje01,b/bayleje01,Jerryd Bayless,190,90,1988,Arizona,MIN,PG,34,19.3,0.9,.296,0.5,.571,1.8,3.5,6.1
baynear01,b/baynear01,Aron Baynes,208,117,1986,New Zealand,BOS,C,51,16.1,0.4,.344,1.0,.855,4.7,1.1,5.6
bazemke01,b/bazemke01,Kent Bazemore,193,88,1989,North Carolina,ATL,SG,67,24.5,1.4,.320,1.9,.726,3.9,2.3,11.6
bealbr01,b/bealbr01,Bradley Beal,190,93,1993,Missouri,WAS,SG,82,36.9,2.5,.351,4.4,.808,5.0,5.5,25.6
beaslma01,b/beaslma01,Malik Beasley,193,89,1996,Georgia,DEN,SG,81,23.2,2.0,.402,0.7,.848,2.5,1.2,11.3
beaslmi01,b/beaslmi01,Michael Beasley,206,106,1989,Maryland,LAL,PF,26,10.7,0.1,.176,1.1,.718,2.3,1.0,7.0
belinma01,b/belinma01,Marco Belinelli,196,95,1986,Italy,SAS,SG,79,23.0,1.9,.372,1.4,.903,2.5,1.7,10.5
belljo01,b/belljo01,Jordan Bell,203,97,1995,California,GSW,C,68,11.6,0.0,.000,0.4,.610,2.7,1.1,3.3
bembrde01,b/bembrde01,DeAndre' Bembry,196,95,1994,North Carolina,ATL,SG,82,23.5,0.6,.289,1.1,.640,4.4,2.5,8.4
bendedr01,b/bendedr01,Dragan Bender,213,102,1997,Bosnia and Herzegovina,PHO,PF,46,18.0,0.5,.218,0.7,.593,4.0,1.2,5.0
bertada02,b/bertada02,Dairis Bertāns,193,90,1989,Latvia,NOP,SG,12,13.9,0.8,.294,0.0,,0.8,0.8,2.8
bertada01,b/bertada01,Dāvis Bertāns,208,102,1992,Latvia,SAS,PF,76,21.5,1.9,.429,0.7,.883,3.5,1.3,8.0
beverpa01,b/beverpa01,Patrick Beverley,185,83,1988,Illinois,LAC,PG,78,27.4,1.4,.397,1.2,.780,5.0,3.8,7.6
birchkh01,b/birchkh01,Khem Birch,206,105,1992,Canada,ORL,C,50,12.9,0.0,.000,1.2,.699,3.8,0.8,4.8
biyombi01,b/biyombi01,Bismack Biyombo,203,115,1992,Democratic Republic of the Congo,CHO,C,54,14.5,0.0,,1.1,.637,4.6,0.6,4.4
bjeline01,b/bjeline01,Nemanja Bjelica,208,106,1988,Serbia,SAC,PF,77,23.2,1.3,.401,0.9,.761,5.8,1.9,9.6
blakean01,b/blakean01,Antonio Blakeney,193,87,1996,New York,CHI,SG,57,14.5,0.6,.396,0.9,.658,1.9,0.7,7.3
bledser01,b/bledser01,Eric Bledsoe,185,92,1989,Alabama,MIL,PG,78,29.1,1.6,.329,2.3,.750,4.6,5.5,15.9
blossja01,b/blossja01,Jaron Blossomgame,203,99,1993,Georgia,CLE,SF,27,16.3,0.4,.256,0.4,.769,3.6,0.5,4.2
bogdabo01,b/bogdabo01,Bogdan Bogdanović,198,99,1992,Serbia,SAC,SG,70,27.8,1.9,.360,1.9,.827,3.5,3.8,14.1
bogdabo02,b/bogdabo02,Bojan Bogdanović,203,97,1989,Bosnia and Herzegovina,IND,SF,81,31.8,2.0,.425,3.0,.807,4.1,2.0,18.0
bogutan01,b/bogutan01,Andrew Bogut,213,117,1984,Australia,GSW,C,11,12.2,0.0,,0.3,1.000,5.0,1.0,3.5
boldejo01,b/boldejo01,Jonah Bolden,203,99,1996,Australia,PHI,PF,44,14.5,0.8,.354,0.3,.481,3.8,0.9,4.7
bongais01,b/bongais01,Isaac Bonga,203,81,1999,Germany,LAL,PG,22,5.5,0.0,.000,0.4,.600,1.1,0.7,0.9
bookede01,b/bookede01,Devin Booker,196,95,1996,Michigan,PHO,SG,64,35.0,2.1,.326,6.1,.866,4.1,6.8,26.6
bouchch01,b/bouchch01,Chris Boucher,206,90,1993,Saint Lucia,TOR,PF,28,5.8,0.4,.324,0.5,.867,2.0,0.1,3.3
bradlav01,b/bradlav01,Avery Bradley,190,81,1990,Washington,TOT,SG,63,30.2,1.4,.351,0.7,.860,2.8,2.4,9.9
bradlto01,b/bradlto01,Tony Bradley,208,112,1998,Florida,UTA,C,3,12.0,0.0,,0.3,.500,5.0,0.3,5.7
breweco01,b/breweco01,Corey Brewer,206,84,1986,Tennessee,TOT,SF,31,15.9,0.5,.318,1.0,.721,2.5,1.3,4.9
bridgmi01,b/bridgmi01,Mikal Bridges,198,95,1996,Pennsylvania,PHO,SF,82,29.5,1.3,.335,1.2,.805,3.2,2.1,8.3
bridgmi02,b/bridgmi02,Miles Bridges,198,102,1998,Michigan,CHO,SF,80,21.2,0.8,.325,0.7,.753,4.0,1.2,7.5
briscis01,b/briscis01,Isaiah Briscoe,190,97,1996,New Jersey,ORL,PG,39,14.3,0.3,.324,0.4,.577,1.9,2.2,3.5
broekry01,b/broekry01,Ryan Broekhoff,198,97,1990,Australia,DAL,SG,42,10.8,0.9,.409,0.4,.789,1.5,0.5,4.0
brogdma01,b/brogdma01,Malcolm Brogdon,196,103,1992,Georgia,MIL,SG,64,28.6,1.6,.426,2.2,.928,4.5,3.2,15.6
brookdi01,b/brookdi01,Dillon Brooks,201,99,1996,Canada,MEM,SF,18,18.3,0.8,.375,1.2,.733,1.7,0.9,7.5
brookma01,b/brookma01,MarShon Brooks,196,90,1989,New Jersey,MEM,SG,29,13.3,0.5,.278,0.8,.697,1.6,0.9,6.6
brownbr01,b/brownbr01,Bruce Brown,193,91,1996,Massachusetts,DET,SG,74,19.6,0.3,.258,0.6,.750,2.5,1.2,4.3
brownja02,b/brownja02,Jaylen Brown,198,101,1996,Georgia,BOS,SG,74,25.9,1.3,.344,1.8,.658,4.2,1.4,13.0
brownlo01,b/brownlo01,Lorenzo Brown,196,85,1990,Georgia,TOR,PG,26,8.2,0.2,.214,0.1,1.000,1.2,1.1,2.1
brownst02,b/brownst02,Sterling Brown,196,105,1995,Illinois,MIL,SG,58,17.8,0.9,.361,0.5,.690,3.2,1.4,6.4
browntr01,b/browntr01,Troy Brown Jr.,198,97,1999,Nevada,WAS,SF,52,14.0,0.4,.319,0.6,.681,2.8,1.5,4.8
brunsja01,b/brunsja01,Jalen Brunson,185,86,1996,New Jersey,DAL,PG,73,21.8,0.9,.348,1.2,.725,2.3,3.2,9.3
bryanth01,b/bryanth01,Thomas Bryant,208,112,1997,New York,WAS,C,72,20.8,0.5,.333,1.5,.781,6.3,1.3,10.5
bullore01,b/bullore01,Reggie Bullock,198,90,1991,Maryland,TOT,SG,63,29.8,2.3,.377,1.2,.859,2.7,2.0,11.3
burketr01,b/burketr01,Trey Burke,183,79,1992,Ohio,TOT,PG,58,19.4,1.0,.352,1.8,.831,1.7,2.7,10.9
burksal01,b/burksal01,Alec Burks,198,97,1991,Missouri,TOT,SG,64,21.5,1.0,.363,1.8,.823,3.7,2.0,8.8
burtode02,b/burtode02,Deonte Burton,193,108,1994,Wisconsin,OKC,SG,32,7.5,0.3,.296,0.3,.667,0.9,0.3,2.6
butleji01,b/butleji01,Jimmy Butler,201,104,1989,Texas,TOT,"SF,SG",65,33.6,1.0,.347,4.8,.855,5.3,4.0,18.7
cabocbr01,c/cabocbr01,Bruno Caboclo,206,98,1995,Brazil,MEM,PF,34,23.5,1.4,.369,1.2,.840,4.6,1.5,8.3
caldejo01,c/caldejo01,José Calderón,190,90,1981,Spain,DET,PG,49,12.9,0.3,.246,0.2,.818,1.2,2.3,2.3
caldwke01,c/caldwke01,Kentavious Caldwell-Pope,196,92,1993,Georgia,LAL,SG,82,24.8,1.8,.347,1.7,.867,2.9,1.3,11.4
canaais01,c/canaais01,Isaiah Canaan,183,91,1991,Mississippi,TOT,PG,30,21.0,1.1,.354,0.6,.792,1.9,2.8,6.0
capelca01,c/capelca01,Clint Capela,208,108,1994,Switzerland,HOU,C,67,33.6,0.0,,2.5,.636,12.7,1.4,16.6
carrode01,c/carrode01,DeMarre Carroll,198,97,1986,Alabama,BRK,PF,67,25.4,1.6,.342,2.7,.760,5.2,1.3,11.1
carteje01,c/carteje01,Jevon Carter,185,88,1995,Illinois,MEM,PG,39,14.8,0.9,.333,0.7,.813,1.7,1.8,4.4
cartevi01,c/cartevi01,Vince Carter,198,99,1977,Florida,ATL,PF,76,17.5,1.6,.389,0.6,.712,2.6,1.1,7.4
cartewe01,c/cartewe01,Wendell Carter Jr.,206,117,1999,Georgia,CHI,C,44,25.2,0.1,.188,2.0,.795,7.0,1.8,10.3
cartemi01,c/cartemi01,Michael Carter-Williams,196,86,1991,Massachusetts,TOT,PG,28,13.3,0.4,.263,1.1,.604,2.5,2.5,4.8
carusal01,c/carusal01,Alex Caruso,196,84,1994,Texas,LAL,PG,25,21.2,1.0,.480,2.0,.797,2.7,3.1,9.2
casspom01,c/casspom01,Omri Casspi,206,102,1988,Israel,MEM,SF,36,14.4,0.4,.349,1.1,.672,3.2,0.7,6.3
caulewi01,c/caulewi01,Willie Cauley-Stein,213,108,1993,Kansas,SAC,C,81,27.3,0.0,.500,1.7,.551,8.4,2.4,11.9
caupatr01,c/caupatr01,Troy Caupain,193,95,1995,New York,ORL,PG,4,4.0,0.5,.667,0.0,,0.8,1.0,2.5
cavanty01,c/cavanty01,Tyler Cavanaugh,206,107,1994,New York,UTA,PF,11,3.5,0.1,.200,0.2,1.000,0.7,0.1,0.8
chandty01,c/chandty01,Tyson Chandler,213,108,1982,California,TOT,C,55,15.9,0.0,.000,0.9,.586,5.6,0.7,3.1
chandwi01,c/chandwi01,Wilson Chandler,203,106,1987,Michigan,TOT,"PF,SF",51,23.1,1.2,.373,0.4,.720,4.2,1.6,6.0
chealjo01,c/chealjo01,Joe Chealey,190,86,1995,Florida,CHO,PG,1,8.0,0.0,,0.0,,0.0,1.0,2.0
chiozch01,c/chiozch01,Chris Chiozza,180,79,1995,Tennessee,HOU,PG,7,4.7,0.3,.400,0.0,,0.6,0.6,0.9
chrisma01,c/chrisma01,Marquese Chriss,206,108,1997,California,TOT,PF,43,11.6,0.4,.222,0.7,.711,3.3,0.5,4.2
clarkga01,c/clarkga01,Gary Clark,198,102,1994,North Carolina,HOU,PF,51,12.6,0.8,.297,0.1,1.000,2.3,0.4,2.9
clarkia01,c/clarkia01,Ian Clark,190,79,1991,Tennessee,NOP,SG,60,16.2,1.1,.327,0.6,.892,1.5,1.6,6.7
clarkjo01,c/clarkjo01,Jordan Clarkson,193,87,1992,Florida,CLE,SG,81,27.3,1.8,.324,2.0,.844,3.3,2.4,16.8
collijo01,c/collijo01,John Collins,206,106,1997,Utah,ATL,PF,61,30.0,0.9,.348,3.3,.763,9.8,2.0,19.5
colliza01,c/colliza01,Zach Collins,211,105,1997,Nevada,POR,C,77,17.6,0.5,.331,1.2,.746,4.2,0.9,6.6
collida01,c/collida01,Darren Collison,183,79,1987,California,IND,PG,76,28.2,1.0,.407,2.1,.832,3.1,6.0,11.2
colsobo01,c/colsobo01,Bonzie Colson,198,101,1996,District of Columbia,MIL,SF,8,12.3,0.6,.238,1.0,.889,3.8,0.4,4.9
conlemi01,c/conlemi01,Mike Conley,185,79,1987,Arkansas,MEM,PG,70,33.5,2.2,.364,4.9,.845,3.4,6.4,21.1
connapa01,c/connapa01,Pat Connaughton,196,94,1993,Massachusetts,MIL,SG,61,20.7,1.1,.330,0.5,.725,4.2,2.0,6.9
cookqu01,c/cookqu01,Quinn Cook,185,81,1993,District of Columbia,GSW,PG,74,14.3,1.1,.405,0.3,.769,2.1,1.6,6.9
couside01,c/couside01,DeMarcus Cousins,208,122,1990,Alabama,GSW,C,30,25.7,0.9,.274,3.5,.736,8.2,3.6,16.3
covinro01,c/covinro01,Robert Covington,201,95,1990,Illinois,TOT,SF,35,34.4,2.4,.378,1.9,.764,5.5,1.3,13.3
crabbal01,c/crabbal01,Allen Crabbe,196,96,1992,California,BRK,SG,43,26.3,2.3,.378,1.0,.732,3.4,1.1,9.6
craigto01,c/craigto01,Torrey Craig,201,97,1990,South Carolina,DEN,SF,75,20.0,0.8,.324,0.7,.700,3.5,1.0,5.7
crawfja01,c/crawfja01,Jamal Crawford,196,83,1980,Washington,PHO,SG,64,18.9,1.0,.332,1.5,.845,1.3,3.6,7.9
creekmi01,c/creekmi01,Mitch Creek,196,97,1992,Australia,TOT,SF,5,9.6,0.0,.000,1.0,.714,2.4,1.2,4.2
crowdja01,c/crowdja01,Jae Crowder,198,106,1990,Georgia,UTA,SF,80,27.1,2.2,.331,1.8,.721,4.8,1.7,11.9
cunnida01,c/cunnida01,Dante Cunningham,203,104,1987,Maryland,SAS,PF,64,14.5,0.5,.462,0.2,.778,2.9,0.8,3.0
curryse01,c/curryse01,Seth Curry,188,83,1990,North Carolina,POR,SG,74,18.9,1.5,.450,0.6,.846,1.6,0.9,7.9
curryst01,c/curryst01,Stephen Curry,190,86,1988,Ohio,GSW,PG,69,33.8,5.1,.437,3.8,.916,5.3,5.2,27.3
danietr01,d/danietr01,Troy Daniels,193,92,1991,Virginia,PHO,SG,51,14.9,1.5,.381,0.4,.783,1.4,0.5,6.2
davisan02,d/davisan02,Anthony Davis,208,114,1993,Illinois,NOP,C,56,33.0,0.9,.331,6.1,.794,12.0,3.9,25.9
davisde01,d/davisde01,Deyonta Davis,211,107,1996,Michigan,ATL,C,9,13.1,0.0,.000,0.7,.600,4.0,0.6,4.0
davised01,d/davised01,Ed Davis,206,102,1989,District of Columbia,BRK,C,81,17.9,0.0,.000,1.2,.617,8.6,0.8,5.8
davisty01,d/davisty01,Tyler Davis,208,120,1997,California,OKC,C,1,1.0,0.0,,0.0,,1.0,0.0,0.0
dedmode01,d/dedmode01,Dewayne Dedmon,213,111,1989,California,ATL,C,64,25.1,1.3,.382,1.4,.814,7.5,1.4,10.8
dekkesa01,d/dekkesa01,Sam Dekker,206,104,1994,Wisconsin,TOT,PF,47,16.8,0.4,.306,0.6,.609,3.1,1.0,6.1
delgaan01,d/delgaan01,Ángel Delgado,208,111,1994,Dominican Republic,LAC,C,2,7.5,0.0,,0.5,.500,2.0,0.0,1.5
dellama01,d/dellama01,Matthew Dellavedova,190,90,1990,Australia,TOT,PG,48,16.9,0.9,.338,0.9,.808,1.6,3.8,5.9
denglu01,d/denglu01,Luol Deng,206,107,1985,South Sudan,MIN,SF,22,17.8,0.6,.318,1.1,.714,3.3,0.8,7.1
derozde01,d/derozde01,DeMar DeRozan,198,99,1989,California,SAS,SG,77,34.9,0.1,.156,4.8,.830,6.0,6.2,21.2
derrima01,d/derrima01,Marcus Derrickson,201,112,1996,District of Columbia,GSW,PF,11,6.1,0.9,.500,0.4,.800,1.2,0.1,4.2
diallch01,d/diallch01,Cheick Diallo,203,99,1996,Mali,NOP,PF,64,14.0,0.0,.250,0.8,.746,5.2,0.5,6.0
diallha01,d/diallha01,Hamidou Diallo,196,91,1998,New York,OKC,SG,51,10.3,0.1,.167,0.7,.610,1.9,0.3,3.7
dienggo01,d/dienggo01,Gorgui Dieng,208,114,1990,Senegal,MIN,C,76,13.6,0.3,.339,1.2,.830,4.1,0.9,6.4
dinwisp01,d/dinwisp01,Spencer Dinwiddie,196,97,1993,California,BRK,PG,68,28.1,1.8,.335,4.2,.806,2.4,4.6,16.8
divindo01,d/divindo01,Donte DiVincenzo,193,92,1997,Delaware,MIL,SG,27,15.2,0.8,.265,0.3,.750,2.4,1.1,4.9
doncilu01,d/doncilu01,Luka Dončić,201,98,1999,Slovenia,DAL,SG,72,32.2,2.3,.327,4.8,.713,7.8,6.0,21.2
dorsety01,d/dorsety01,Tyler Dorsey,196,83,1996,California,TOT,SG,48,14.5,0.9,.333,0.8,.623,2.4,1.2,6.2
dotsoda01,d/dotsoda01,Damyean Dotson,196,91,1994,Texas,NYK,SG,73,27.5,1.7,.368,1.0,.745,3.6,1.8,10.7
doziepj01,d/doziepj01,PJ Dozier,198,92,1996,South Carolina,BOS,SG,6,8.5,0.3,.250,0.2,.500,2.8,0.8,3.2
dragigo01,d/dragigo01,Goran Dragić,190,86,1986,Slovenia,MIA,PG,36,27.5,1.6,.348,2.2,.782,3.1,4.8,13.7
drumman01,d/drumman01,Andre Drummond,208,126,1993,New York,DET,C,79,33.5,0.1,.132,3.1,.590,15.6,1.4,17.3
dudleja01,d/dudleja01,Jared Dudley,198,107,1985,California,BRK,PF,59,20.7,0.9,.351,0.5,.696,2.6,1.4,4.9
dunnkr01,d/dunnkr01,Kris Dunn,190,92,1994,Connecticut,CHI,PG,46,30.2,0.7,.354,1.2,.797,4.1,6.0,11.3
duranke01,d/duranke01,Kevin Durant,208,108,1988,District of Columbia,GSW,SF,78,34.6,1.8,.353,5.7,.885,6.4,5.9,26.0
duvaltr01,d/duvaltr01,Trevon Duval,188,85,1998,Delaware,MIL,PG,3,2.0,0.3,1.000,0.0,,0.3,0.7,1.7
edwarvi01,e/edwarvi01,Vince Edwards,203,102,1996,Ohio,HOU,SF,2,8.0,0.5,.250,0.0,,1.0,0.0,1.5
ellenhe01,e/ellenhe01,Henry Ellenson,208,108,1997,Wisconsin,TOT,PF,19,13.6,0.9,.447,1.0,.760,3.5,0.8,6.0
ellinwa01,e/ellinwa01,Wayne Ellington,193,90,1987,Pennsylvania,TOT,SG,53,24.5,2.6,.371,0.7,.796,2.0,1.4,10.3
embiijo01,e/embiijo01,Joel Embiid,213,113,1994,Cameroon,PHI,C,64,33.7,1.2,.300,8.2,.804,13.6,3.7,27.5
ennisja01,e/ennisja01,James Ennis,198,95,1990,California,TOT,SF,58,21.2,0.9,.353,1.0,.716,3.1,0.7,6.7
eubandr01,e/eubandr01,Drew Eubanks,206,111,1997,Mississippi,SAS,PF,23,4.9,0.0,,0.5,.846,1.5,0.3,1.8
evansja02,e/evansja02,Jacob Evans,193,95,1997,North Carolina,GSW,SG,30,6.8,0.1,.267,0.0,.000,0.8,0.8,1.3
evansja01,e/evansja01,Jawun Evans,183,83,1996,South Carolina,TOT,PG,8,8.1,0.0,.000,0.0,,1.5,1.3,0.8
evansty01,e/evansty01,Tyreke Evans,198,99,1989,Pennsylvania,IND,SG,69,20.3,1.1,.356,1.7,.719,2.9,2.4,10.2
exumda01,e/exumda01,Dante Exum,196,86,1995,Australia,UTA,PG,42,15.8,0.4,.290,1.6,.791,1.6,2.6,6.9
farieke01,f/farieke01,Kenneth Faried,203,99,1989,New Jersey,TOT,C,37,19.7,0.2,.320,1.7,.646,6.8,0.5,10.4
favorde01,f/favorde01,Derrick Favors,206,120,1991,Georgia,UTA,C,76,23.2,0.2,.218,2.0,.675,7.4,1.2,11.8
feliccr01,f/feliccr01,Cristiano Felício,208,122,1992,Brazil,CHI,C,60,12.4,0.0,.000,0.8,.685,3.6,0.6,4.0
feltora01,f/feltora01,Raymond Felton,185,92,1984,South Carolina,OKC,PG,33,11.5,0.6,.328,0.4,.923,1.0,1.6,4.3
fergute01,f/fergute01,Terrance Ferguson,198,86,1998,Oklahoma,OKC,SG,74,26.1,1.4,.366,0.5,.725,1.9,1.0,6.9
ferreyo01,f/ferreyo01,Yogi Ferrell,183,81,1993,Indiana,SAC,PG,71,15.0,0.8,.362,0.8,.896,1.5,1.9,5.9
finnedo01,f/finnedo01,Dorian Finney-Smith,201,99,1993,Virginia,DAL,SF,81,24.5,1.0,.311,0.9,.709,4.8,1.2,7.5
forbebr01,f/forbebr01,Bryn Forbes,188,86,1993,Michigan,SAS,SG,82,28.0,2.1,.426,0.8,.885,2.9,2.1,11.8
fournev01,f/fournev01,Evan Fournier,201,92,1992,France,ORL,SG,81,31.5,1.9,.340,1.7,.806,3.2,3.6,15.1
foxde01,f/foxde01,De'Aaron Fox,190,83,1997,Louisiana,SAC,PG,81,31.4,1.1,.371,3.7,.727,3.8,7.3,17.3
frazime01,f/frazime01,Melvin Frazier,196,90,1996,Louisiana,ORL,SG,10,4.4,0.0,.000,0.1,.250,0.5,0.1,1.5
fraziti01,f/fraziti01,Tim Frazier,183,77,1990,Texas,TOT,PG,59,19.0,0.6,.366,0.7,.759,2.8,4.2,5.3
fredeji01,f/fredeji01,Jimmer Fredette,188,88,1989,New York,PHO,SG,6,10.8,0.0,.000,1.0,1.000,1.2,1.3,3.7
fryech01,f/fryech01,Channing Frye,213,115,1983,New York,CLE,C,36,9.5,0.9,.405,0.3,.786,1.4,0.6,3.6
fultzma01,f/fultzma01,Markelle Fultz,190,90,1998,Maryland,PHI,SG,19,22.5,0.2,.286,1.1,.568,3.7,3.1,8.2
gallida01,g/gallida01,Danilo Gallinari,208,105,1988,Italy,LAC,SF,68,30.3,2.4,.433,5.4,.904,6.1,2.6,19.8
gallola01,g/gallola01,Langston Galloway,185,90,1991,Louisiana,DET,SG,80,21.8,1.7,.355,1.0,.844,2.1,1.1,8.4
garrebi01,g/garrebi01,Billy Garrett,198,96,1994,Illinois,NYK,SG,4,15.8,0.0,.000,1.0,1.000,0.8,1.8,6.5
gasolma01,g/gasolma01,Marc Gasol,211,115,1985,Spain,TOT,C,79,30.8,1.3,.363,2.4,.759,7.9,4.4,13.6
gasolpa01,g/gasolpa01,Pau Gasol,213,113,1980,Spain,TOT,C,30,12.0,0.2,.462,0.9,.700,4.6,1.7,3.9
gayru01,g/gayru01,Rudy Gay,203,104,1986,Maryland,SAS,PF,69,26.7,1.1,.402,1.7,.816,6.8,2.6,13.7
georgpa01,g/georgpa01,Paul George,203,99,1990,California,OKC,SF,77,36.9,3.8,.386,5.9,.839,8.2,4.1,28.0
gibsota01,g/gibsota01,Taj Gibson,206,102,1985,New York,MIN,PF,70,24.1,0.2,.324,1.9,.757,6.5,1.2,10.8
gilesha01,g/gilesha01,Harry Giles,211,108,1998,North Carolina,SAC,PF,58,14.1,0.0,.000,1.0,.637,3.8,1.5,7.0
gilgesh01,g/gilgesh01,Shai Gilgeous-Alexander,196,82,1998,Canada,LAC,PG,82,26.5,0.6,.367,1.9,.800,2.8,3.3,10.8
goberru01,g/goberru01,Rudy Gobert,216,111,1992,France,UTA,C,81,31.8,0.0,,4.1,.636,12.9,2.0,15.9
goodwbr01,g/goodwbr01,Brandon Goodwin,183,81,1995,Georgia,DEN,PG,16,3.6,0.1,.333,0.6,.818,0.2,0.9,1.4
gordoaa01,g/gordoaa01,Aaron Gordon,203,99,1995,California,ORL,PF,78,33.8,1.6,.349,2.4,.731,7.4,3.7,16.0
gordoer01,g/gordoer01,Eric Gordon,190,97,1988,Indiana,HOU,SG,68,31.7,3.2,.360,1.8,.783,2.2,1.9,16.2
gortama01,g/gortama01,Marcin Gortat,211,108,1984,Poland,LAC,C,47,16.0,0.0,,0.7,.729,5.6,1.4,5.0
grahade01,g/grahade01,Devonte' Graham,185,83,1995,North Carolina,CHO,PG,46,14.7,0.7,.281,0.8,.761,1.4,2.6,4.7
grahatr01,g/grahatr01,Treveon Graham,196,101,1993,Maryland,BRK,SG,35,20.4,1.1,.297,0.5,.818,3.1,1.0,5.3
grantje01,g/grantje01,Jerami Grant,203,97,1994,Oregon,OKC,PF,80,32.7,1.4,.392,2.0,.710,5.2,1.0,13.6
grantje02,g/grantje02,Jerian Grant,193,92,1992,Maryland,ORL,PG,60,15.7,0.7,.364,0.4,.650,1.6,2.6,4.2
grantdo01,g/grantdo01,Donte Grantham,203,97,1995,West Virginia,OKC,SF,3,0.7,0.0,.000,0.0,,0.0,0.0,0.0
greenda02,g/greenda02,Danny Green,198,97,1987,New York,TOR,SG,80,27.7,2.5,.455,0.5,.841,4.0,1.6,10.3
greendr01,g/greendr01,Draymond Green,198,104,1990,Michigan,GSW,PF,66,31.3,0.7,.285,1.0,.692,7.3,6.9,7.4
greenge01,g/greenge01,Gerald Green,198,92,1986,Texas,HOU,SG,73,20.2,2.1,.354,0.8,.838,2.5,0.5,9.2
greenja01,g/greenja01,JaMychal Green,203,102,1990,Alabama,TOT,PF,65,21.1,1.1,.403,1.2,.792,6.3,0.8,9.4
greenje02,g/greenje02,Jeff Green,203,106,1986,Maryland,WAS,PF,77,27.2,1.4,.347,2.4,.888,4.0,1.8,12.3
griffbl01,g/griffbl01,Blake Griffin,206,113,1989,Oklahoma,DET,PF,75,35.0,2.5,.362,5.5,.753,7.5,5.4,24.5
hamilda02,h/hamilda02,Daniel Hamilton,201,88,1995,California,ATL,SG,19,10.7,0.4,.348,0.2,.500,2.5,1.2,3.0
hannadu01,h/hannadu01,Dusty Hannahs,190,95,1993,Arkansas,MEM,SG,2,13.0,0.0,.000,1.0,1.000,0.5,2.5,4.0
hardati02,h/hardati02,Tim Hardaway Jr.,196,92,1992,California,TOT,SG,65,31.6,2.5,.340,3.6,.841,3.4,2.4,18.1
hardeja01,h/hardeja01,James Harden,196,99,1989,California,HOU,PG,78,36.8,4.8,.368,9.7,.879,6.6,7.5,36.1
harklma01,h/harklma01,Maurice Harkless,201,99,1993,New York,POR,SF,60,23.6,0.6,.275,0.8,.671,4.5,1.2,7.7
harremo01,h/harremo01,Montrezl Harrell,201,108,1994,North Carolina,LAC,C,82,26.3,0.0,.176,3.2,.643,6.5,2.0,16.6
harride01,h/harride01,Devin Harris,190,83,1983,Wisconsin,DAL,PG,68,15.8,0.9,.310,1.5,.761,1.6,1.8,6.3
harriga01,h/harriga01,Gary Harris,193,92,1994,Indiana,DEN,SG,57,28.8,1.4,.339,2.0,.799,2.8,2.2,12.9
harrijo01,h/harrijo01,Joe Harris,198,99,1991,Washington,BRK,SG,76,30.2,2.4,.474,1.4,.827,3.8,2.4,13.7
harrito02,h/harrito02,Tobias Harris,203,106,1992,New York,TOT,PF,82,34.7,1.9,.397,3.2,.866,7.9,2.8,20.0
harrian01,h/harrian01,Andrew Harrison,198,96,1994,Texas,TOT,PG,17,11.0,0.3,.200,1.0,.944,1.2,1.4,3.2
harrish01,h/harrish01,Shaquille Harrison,201,86,1993,Missouri,CHI,SG,73,19.6,0.3,.270,1.1,.667,3.0,1.9,6.5
hartjo01,h/hartjo01,Josh Hart,196,97,1995,Maryland,LAL,SG,67,25.6,1.4,.336,0.8,.688,3.7,1.4,7.8
harteis01,h/harteis01,Isaiah Hartenstein,213,112,1998,Oregon,HOU,PF,28,7.9,0.1,.333,0.4,.786,1.7,0.5,1.9
hasleud01,h/hasleud01,Udonis Haslem,203,106,1980,Florida,MIA,C,10,7.4,0.0,.000,0.3,.750,2.7,0.2,2.5
haywago01,h/haywago01,Gordon Hayward,201,93,1990,Indiana,BOS,PF,72,25.9,1.1,.333,2.2,.834,4.5,3.4,11.5
hensojo01,h/hensojo01,John Henson,206,99,1990,North Carolina,MIL,C,14,13.4,0.8,.355,0.4,.600,5.1,1.0,5.6
hernaju01,h/hernaju01,Juan Hernangómez,206,99,1995,Spain,DEN,PF,70,19.4,0.9,.365,0.9,.767,3.8,0.8,5.8
hernawi01,h/hernawi01,Willy Hernangómez,211,108,1994,Spain,CHO,C,58,14.0,0.3,.385,1.7,.694,5.4,1.0,7.3
hezonma01,h/hezonma01,Mario Hezonja,203,91,1995,Croatia,NYK,SF,58,20.8,0.7,.276,1.5,.763,4.1,1.5,8.8
hicksis01,h/hicksis01,Isaiah Hicks,206,104,1994,North Carolina,NYK,PF,3,10.7,0.0,,1.3,.800,2.3,0.7,4.0
hieldbu01,h/hieldbu01,Buddy Hield,193,99,1992,Bahamas,SAC,SG,82,31.9,3.4,.427,2.1,.886,5.0,2.5,20.7
highsha01,h/highsha01,Haywood Highsmith,201,99,1996,Maryland,PHI,SF,5,8.0,0.2,.200,0.0,.000,1.0,0.4,1.8
hilarne01,h/hilarne01,Nenê,211,113,1982,Brazil,HOU,C,42,13.0,0.0,.000,0.7,.660,2.9,0.6,3.6
hillge01,h/hillge01,George Hill,190,85,1986,Indiana,TOT,PG,60,21.7,0.8,.314,1.2,.824,2.5,2.3,7.6
hillso01,h/hillso01,Solomon Hill,198,102,1991,California,NOP,SF,44,20.0,0.7,.317,0.5,.719,3.0,1.3,4.3
holidaa01,h/holidaa01,Aaron Holiday,183,83,1996,Louisiana,IND,PG,50,12.9,0.9,.339,0.8,.820,1.3,1.7,5.9
holidjr01,h/holidjr01,Jrue Holiday,190,92,1990,California,NOP,SG,67,35.9,1.8,.325,3.1,.768,5.0,7.7,21.2
holidju01,h/holidju01,Justin Holiday,198,82,1989,California,TOT,SG,82,31.8,2.0,.348,1.2,.896,3.9,1.8,10.5
hollajo02,h/hollajo02,John Holland,196,92,1988,New York,CLE,SF,1,1.0,0.0,,0.0,,0.0,0.0,0.0
holliro01,h/holliro01,Rondae Hollis-Jefferson,198,98,1995,Pennsylvania,BRK,SF,59,20.9,0.2,.184,2.0,.645,5.3,1.6,8.9
holmeri01,h/holmeri01,Richaun Holmes,208,108,1993,Illinois,PHO,C,70,16.9,0.0,,1.8,.731,4.7,0.9,8.2
hoodro01,h/hoodro01,Rodney Hood,203,94,1992,Mississippi,TOT,SG,72,26.3,1.2,.356,1.9,.884,2.2,1.8,11.2
horfoal01,h/horfoal01,Al Horford,206,111,1986,Dominican Republic,BOS,C,68,29.0,1.1,.360,1.1,.821,6.7,4.2,13.6
houseda01,h/houseda01,Danuel House,198,97,1993,Texas,HOU,SF,39,25.1,1.9,.416,1.4,.789,3.6,1.0,9.4
howardw01,h/howardw01,Dwight Howard,208,120,1985,Georgia,WAS,C,9,25.6,0.0,,3.2,.604,9.2,0.4,12.8
huertke01,h/huertke01,Kevin Huerter,201,86,1998,New York,ATL,SG,75,27.3,1.8,.385,0.5,.732,3.3,2.9,9.7
humphis01,h/humphis01,Isaac Humphries,213,115,1998,Australia,ATL,C,5,11.2,0.6,.273,0.0,,2.2,0.0,3.0
hunterj01,h/hunterj01,R.J. Hunter,196,83,1993,Ohio,BOS,SG,1,26.0,4.0,.400,1.0,.500,3.0,3.0,17.0
hutchch01,h/hutchch01,Chandler Hutchison,201,88,1996,California,CHI,SF,44,20.3,0.3,.280,0.5,.605,4.2,0.8,5.2
ibakase01,i/ibakase01,Serge Ibaka,213,106,1989,Republic of the Congo,TOR,C,74,27.2,0.7,.290,1.8,.763,8.1,1.3,15.0
iguodan01,i/iguodan01,Andre Iguodala,198,97,1984,Illinois,GSW,SF,68,23.2,0.7,.333,0.6,.582,3.7,3.2,5.7
ilyaser01,i/ilyaser01,Ersan İlyasova,206,106,1987,Turkey,MIL,PF,67,18.4,0.9,.363,0.9,.824,4.5,0.8,6.8
inglejo01,i/inglejo01,Joe Ingles,201,102,1987,Australia,UTA,PF,82,31.3,2.3,.391,1.1,.707,4.0,5.7,12.1
ingraan01,i/ingraan01,Andre Ingram,190,86,1985,Virginia,LAL,SG,4,3.8,0.0,.000,0.0,,0.5,0.0,0.0
ingrabr01,i/ingrabr01,Brandon Ingram,201,86,1997,North Carolina,LAL,SF,52,33.8,0.6,.330,3.8,.675,5.1,3.0,18.3
irvinky01,i/irvinky01,Kyrie Irving,188,88,1992,Australia,BOS,PG,67,33.0,2.6,.401,3.2,.873,5.0,6.9,23.8
isaacjo01,i/isaacjo01,Jonathan Isaac,211,95,1997,New York,ORL,PF,75,26.6,1.1,.323,1.5,.815,5.5,1.1,9.6
iwundwe01,i/iwundwe01,Wesley Iwundu,198,88,1994,Texas,ORL,SF,68,18.1,0.4,.367,1.2,.816,2.7,1.1,5.0
jacksde01,j/jacksde01,Demetrius Jackson,185,91,1994,Indiana,PHI,PG,6,6.5,0.3,.333,0.7,1.000,0.5,0.8,3.7
jacksfr01,j/jacksfr01,Frank Jackson,190,92,1998,District of Columbia,NOP,PG,61,19.2,0.9,.314,0.9,.740,2.2,1.1,8.1
jacksja02,j/jacksja02,Jaren Jackson Jr.,211,109,1999,New Jersey,MEM,PF,58,26.1,0.9,.359,2.6,.766,4.7,1.1,13.8
jacksjo02,j/jacksjo02,Josh Jackson,203,93,1997,California,PHO,SG,79,25.2,0.9,.324,1.8,.671,4.4,2.3,11.5
jacksju01,j/jacksju01,Justin Jackson,201,95,1995,Texas,TOT,SF,81,19.9,1.1,.355,0.8,.785,2.6,1.2,7.2
jacksre01,j/jacksre01,Reggie Jackson,190,94,1990,Italy,DET,PG,82,27.9,2.1,.369,2.5,.864,2.6,4.2,15.4
jamesle01,j/jamesle01,LeBron James,206,113,1984,Ohio,LAL,SF,55,35.2,2.0,.339,5.1,.665,8.5,8.3,27.4
jeffeam01,j/jeffeam01,Amile Jefferson,206,100,1993,Pennsylvania,ORL,PF,12,5.7,0.0,,0.6,.875,1.8,0.3,2.3
jenkijo01,j/jenkijo01,John Jenkins,193,97,1991,Tennessee,TOT,SG,26,12.8,0.8,.379,0.6,.833,1.4,0.8,4.7
jerebjo01,j/jerebjo01,Jonas Jerebko,208,104,1987,Sweden,GSW,PF,73,16.7,0.9,.367,0.9,.800,3.9,1.3,6.3
johnsal02,j/johnsal02,Alize Johnson,201,96,1996,Pennsylvania,IND,PF,14,4.6,0.1,.500,0.3,.500,1.4,0.1,0.9
johnsam01,j/johnsam01,Amir Johnson,206,108,1987,California,PHI,C,51,10.4,0.2,.300,0.6,.756,2.9,1.2,3.9
johnsbj01,j/johnsbj01,B.J. Johnson,201,90,1995,Pennsylvania,TOT,SF,7,7.0,0.4,.429,0.3,1.000,1.1,0.0,3.3
johnsja01,j/johnsja01,James Johnson,201,108,1987,Wyoming,MIA,PF,55,21.2,0.9,.336,0.9,.714,3.2,2.5,7.8
johnsst04,j/johnsst04,Stanley Johnson,198,111,1996,California,TOT,SF,66,18.3,0.9,.288,0.8,.781,3.3,1.3,6.9
johnsty01,j/johnsty01,Tyler Johnson,190,86,1992,North Dakota,TOT,PG,57,26.8,1.6,.346,1.7,.748,3.0,2.9,10.9
johnswe01,j/johnswe01,Wesley Johnson,201,97,1987,Texas,TOT,SF,38,14.1,0.7,.329,0.3,.684,1.9,0.6,3.4
jokicni01,j/jokicni01,Nikola Jokić,213,114,1995,Serbia,DEN,C,80,31.3,1.0,.307,3.6,.821,10.8,7.3,20.1
jonesda03,j/jonesda03,Damian Jones,211,111,1995,Louisiana,GSW,C,24,17.1,0.0,,1.0,.649,3.1,1.2,5.4
jonesde02,j/jonesde02,Derrick Jones Jr.,198,95,1997,Pennsylvania,MIA,SF,60,19.2,0.5,.308,1.2,.607,4.0,0.6,7.0
jonesja04,j/jonesja04,Jalen Jones,201,99,1993,Texas,CLE,SF,16,13.4,0.6,.357,1.2,.704,2.1,0.4,5.1
jonesje01,j/jonesje01,Jemerrio Jones,196,78,1995,Tennessee,LAL,SF,6,23.8,0.3,.200,0.2,.500,8.2,2.2,4.5
joneste01,j/joneste01,Terrence Jones,206,114,1992,Oregon,HOU,PF,2,2.5,0.0,.000,0.0,.000,2.0,0.0,1.0
jonesty01,j/jonesty01,Tyus Jones,183,88,1996,Minnesota,MIN,PG,68,22.9,0.6,.317,0.9,.841,2.0,4.8,6.9
jordade01,j/jordade01,DeAndre Jordan,211,120,1988,Texas,TOT,C,69,29.7,0.0,,2.7,.705,13.1,2.3,11.0
josepco01,j/josepco01,Cory Joseph,190,90,1991,Canada,IND,PG,82,25.2,0.7,.322,0.4,.698,3.4,3.9,6.5
kaminfr01,k/kaminfr01,Frank Kaminsky,213,108,1993,Illinois,CHO,C,47,16.1,1.1,.360,1.7,.738,3.5,1.3,8.6
kanteen01,k/kanteen01,Enes Kanter,208,118,1992,Switzerland,TOT,C,67,24.5,0.1,.294,2.3,.787,9.8,1.7,13.7
kennalu01,k/kennalu01,Luke Kennard,196,93,1996,Ohio,DET,SG,63,22.8,1.7,.394,0.8,.836,2.9,1.8,9.7
kiddgmi01,k/kiddgmi01,Michael Kidd-Gilchrist,198,105,1993,Pennsylvania,CHO,PF,64,18.4,0.3,.340,1.5,.772,3.8,1.0,6.7
kingge03,k/kingge03,George King,198,102,1994,North Carolina,PHO,SF,1,6.0,0.0,,0.0,,1.0,0.0,0.0
klebima01,k/klebima01,Maxi Kleber,208,108,1992,Germany,DAL,PF,71,21.2,1.1,.353,0.8,.784,4.6,1.0,6.8
knighbr03,k/knighbr03,Brandon Knight,188,88,1991,Florida,TOT,PG,39,18.9,1.1,.318,0.7,.794,1.5,1.8,6.8
knoxke01,k/knoxke01,Kevin Knox,201,97,1999,Arizona,NYK,PF,75,28.8,1.7,.343,2.2,.717,4.5,1.1,12.8
korkmfu01,k/korkmfu01,Furkan Korkmaz,201,86,1997,Turkey,PHI,SG,48,14.1,1.0,.326,0.8,.818,2.2,1.1,5.8
kornelu01,k/kornelu01,Luke Kornet,218,108,1995,Texas,NYK,PF,46,17.0,1.5,.363,0.8,.826,2.9,1.2,7.0
korveky01,k/korveky01,Kyle Korver,201,96,1981,California,TOT,"PF,SG",70,19.1,2.0,.397,0.9,.822,2.3,1.2,8.6
koufoko01,k/koufoko01,Kosta Koufos,213,111,1989,Ohio,SAC,C,42,12.0,0.0,,0.2,.417,4.2,0.9,3.7
kurucro01,k/kurucro01,Rodions Kurucs,206,103,1998,Latvia,BRK,SF,63,20.5,0.9,.315,1.1,.783,3.9,0.8,8.5
kuzmaky01,k/kuzmaky01,Kyle Kuzma,203,99,1995,Michigan,LAL,PF,70,33.1,1.8,.303,2.7,.752,5.5,2.5,18.7
labissk01,l/labissk01,Skal Labissière,208,97,1996,Haiti,TOT,PF,22,8.0,0.3,.462,0.4,.529,2.0,0.5,3.0
lambje01,l/lambje01,Jeremy Lamb,196,83,1992,Virginia,CHO,SG,79,28.5,1.5,.348,2.9,.888,5.5,2.2,15.3
lavinza01,l/lavinza01,Zach LaVine,198,82,1995,Washington,CHI,SG,63,34.5,1.9,.374,5.0,.832,4.7,4.5,23.7
laymaja01,l/laymaja01,Jake Layman,203,94,1994,Massachusetts,POR,SF,71,18.7,0.8,.326,0.7,.704,3.1,0.7,7.6
leaftj01,l/leaftj01,T.J. Leaf,208,102,1997,Israel,IND,PF,58,9.0,0.1,.258,0.3,.613,2.2,0.4,3.9
leeco01,l/leeco01,Courtney Lee,196,97,1985,Indiana,TOT,SG,34,12.6,0.5,.291,0.4,.667,1.6,1.1,4.0
leeda03,l/leeda03,Damion Lee,196,95,1992,Maryland,GSW,SG,32,11.7,0.8,.397,0.6,.864,2.0,0.4,4.9
lemonwa01,l/lemonwa01,Walt Lemon Jr.,190,81,1992,Illinois,CHI,PG,6,27.8,0.3,.400,1.3,.727,4.5,5.0,14.3
lenal01,l/lenal01,Alex Len,213,113,1993,Ukraine,ATL,C,77,20.1,1.0,.363,1.8,.648,5.5,1.1,11.1
leonaka01,l/leonaka01,Kawhi Leonard,201,104,1991,California,TOR,SF,60,34.0,1.9,.371,6.1,.854,7.3,3.3,26.6
leoname01,l/leoname01,Meyers Leonard,213,117,1992,Illinois,POR,C,61,14.4,0.8,.450,0.7,.843,3.8,1.2,5.9
leuerjo01,l/leuerjo01,Jon Leuer,208,103,1989,Minnesota,DET,PF,41,9.8,0.0,.091,0.6,.742,2.4,0.3,3.8
leverca01,l/leverca01,Caris LeVert,198,92,1994,Ohio,BRK,SF,40,26.6,1.2,.312,2.1,.691,3.8,3.9,13.7
lillada01,l/lillada01,Damian Lillard,188,88,1990,California,POR,PG,80,35.5,3.0,.369,5.9,.912,4.6,6.9,25.8
linje01,l/linje01,Jeremy Lin,190,90,1988,California,TOT,PG,74,19.4,0.7,.294,2.4,.838,2.4,3.1,9.6
livinsh01,l/livinsh01,Shaun Livingston,201,87,1985,Illinois,GSW,PG,64,15.1,0.0,.000,0.6,.784,1.8,1.8,4.0
loftoza01,l/loftoza01,Zach Lofton,193,81,1992,Minnesota,DET,SG,1,4.0,0.0,.000,0.0,,0.0,0.0,0.0
looneke01,l/looneke01,Kevon Looney,206,99,1996,Wisconsin,GSW,C,80,18.5,0.0,.100,0.8,.619,5.2,1.5,6.3
lopezbr01,l/lopezbr01,Brook Lopez,213,122,1988,California,MIL,C,81,28.7,2.3,.365,1.4,.842,4.9,1.2,12.5
lopezro01,l/lopezro01,Robin Lopez,213,124,1988,California,CHI,C,74,21.7,0.1,.226,1.2,.724,3.9,1.2,9.5
loveke01,l/loveke01,Kevin Love,203,113,1988,California,CLE,PF,22,27.2,2.4,.361,4.7,.904,10.9,2.2,17.0
lowryky01,l/lowryky01,Kyle Lowry,183,88,1986,Pennsylvania,TOR,PG,65,34.0,2.4,.347,2.5,.830,4.8,8.7,14.2
loydjo01,l/loydjo01,Jordan Loyd,193,95,1993,Georgia,TOR,PG,12,4.6,0.3,.500,0.8,.818,0.8,0.5,2.4
lucaska01,l/lucaska01,Kalin Lucas,185,88,1989,Michigan,DET,PG,1,6.0,0.0,.000,2.0,1.000,3.0,1.0,2.0
luwawti01,l/luwawti01,Timothé Luwawu-Cabarrot,201,95,1995,France,TOT,SF,50,13.4,0.7,.310,0.6,.756,1.9,0.5,4.6
lydonty01,l/lydonty01,Tyler Lydon,208,102,1996,New York,DEN,PF,25,3.8,0.2,.400,0.0,.333,0.7,0.2,0.9
lylestr01,l/lylestr01,Trey Lyles,206,106,1995,Canada,DEN,PF,64,17.5,0.8,.255,1.3,.698,3.8,1.4,8.5
machasc01,m/machasc01,Scott Machado,185,92,1990,New York,LAL,PG,4,4.8,0.3,1.000,0.3,1.000,0.0,0.8,2.5
macksh01,m/macksh01,Shelvin Mack,190,92,1990,Kentucky,TOT,PG,57,21.9,0.8,.354,1.0,.690,1.8,3.2,7.5
maconda01,m/maconda01,Daryl Macon,188,83,1995,Arkansas,DAL,SG,8,11.3,0.6,.455,0.5,.571,1.5,0.9,3.6
macurjp01,m/macurjp01,J.P. Macura,196,92,1995,Minnesota,CHO,SG,2,8.5,0.0,.000,0.0,,1.5,1.0,3.0
mahinia01,m/mahinia01,Ian Mahinmi,211,118,1986,France,WAS,C,34,14.6,0.1,.188,1.2,.689,3.8,0.7,4.1
makerth01,m/makerth01,Thon Maker,213,100,1997,South Sudan,TOT,"C,PF",64,15.2,0.8,.320,0.9,.667,3.2,0.7,5.0
marjabo01,m/marjabo01,Boban Marjanović,224,131,1988,Serbia,TOT,C,58,11.7,0.1,.400,1.7,.748,4.6,0.9,7.3
markkla01,m/markkla01,Lauri Markkanen,213,108,1997,Finland,CHI,PF,52,32.3,2.3,.361,3.3,.872,9.0,1.4,18.7
martija01,m/martija01,Jarell Martin,208,108,1994,Louisiana,ORL,PF,42,7.8,0.5,.351,0.2,.818,1.7,0.4,2.7
masonfr01,m/masonfr01,Frank Mason III,180,86,1994,Virginia,SAC,PG,38,11.4,0.4,.219,1.0,.684,1.1,2.2,5.1
matenya01,m/matenya01,Yante Maten,203,108,1996,Michigan,MIA,PF,2,6.5,0.0,.000,0.0,,1.5,0.0,1.0
matthwe02,m/matthwe02,Wesley Matthews,193,99,1986,Texas,TOT,"SF,SG",69,30.3,2.2,.372,1.9,.810,2.5,2.3,12.2
mbahalu01,m/mbahalu01,Luc Mbah a Moute,203,104,1986,Cameroon,LAC,PF,4,15.3,0.5,.333,0.5,.400,1.8,0.5,5.0
mccalta01,m/mccalta01,Tahjere McCall,196,88,1994,Pennsylvania,BRK,SG,1,8.0,0.0,.000,0.0,.000,1.0,0.0,4.0
mccawpa01,m/mccawpa01,Patrick McCaw,201,83,1995,Missouri,TOT,SG,29,13.7,0.3,.321,0.4,.867,1.7,1.0,2.6
mccolcj01,m/mccolcj01,CJ McCollum,190,89,1991,Ohio,POR,SG,70,33.9,2.4,.375,2.3,.828,4.0,3.0,21.0
mccontj01,m/mccontj01,T.J. McConnell,185,86,1992,Pennsylvania,PHI,PG,76,19.3,0.2,.333,0.4,.784,2.3,3.4,6.4
mcderdo01,m/mcderdo01,Doug McDermott,201,102,1992,North Dakota,IND,SF,77,17.4,1.1,.408,0.9,.835,1.4,0.9,7.3
mcgeeja01,m/mcgeeja01,JaVale McGee,213,122,1988,Michigan,LAL,C,75,22.3,0.0,.083,1.3,.632,7.5,0.7,12.0
mcgruro01,m/mcgruro01,Rodney McGruder,193,90,1991,Maryland,MIA,SG,66,23.5,1.2,.351,0.8,.722,3.6,1.7,7.6
mckinal01,m/mckinal01,Alfonzo McKinnie,201,97,1992,Illinois,GSW,SF,72,13.9,0.6,.356,0.4,.563,3.4,0.4,4.7
mclembe01,m/mclembe01,Ben McLemore,190,88,1993,Missouri,SAC,SG,19,8.3,0.9,.415,0.4,.667,0.9,0.2,3.9
mcraejo01,m/mcraejo01,Jordan McRae,196,81,1991,Georgia,WAS,SG,27,12.3,0.4,.286,1.0,.800,1.5,1.1,5.9
meeksjo01,m/meeksjo01,Jodie Meeks,193,95,1987,Tennessee,TOR,SG,8,13.0,1.0,.444,0.1,1.000,1.5,1.0,6.4
mejrisa01,m/mejrisa01,Salah Mejri,218,106,1986,Tunisia,DAL,C,36,11.1,0.3,.324,0.6,.625,3.6,1.0,3.9
meltode01,m/meltode01,De'Anthony Melton,188,90,1998,California,PHO,PG,50,19.7,0.6,.305,0.4,.750,2.7,3.2,5.0
metuch01,m/metuch01,Chimezie Metu,206,102,1997,California,SAS,PF,29,5.0,0.0,.000,0.4,.765,1.2,0.4,1.8
middlkh01,m/middlkh01,Khris Middleton,201,100,1991,South Carolina,MIL,SF,77,31.1,2.3,.378,2.8,.837,6.0,4.3,18.3
milescj01,m/milescj01,C.J. Miles,198,99,1987,Texas,TOT,SF,53,16.2,1.3,.330,0.9,.828,1.8,0.7,6.4
milleda01,m/milleda01,Darius Miller,198,102,1990,Kentucky,NOP,SF,69,25.5,1.9,.365,0.8,.789,1.9,2.1,8.2
millema01,m/millema01,Malcolm Miller,201,95,1993,Maryland,TOR,SF,10,6.7,1.0,.476,0.3,.750,0.5,0.1,3.5
millspa02,m/millspa02,Patty Mills,185,81,1988,Australia,SAS,PG,82,23.3,1.9,.394,1.1,.854,2.2,3.0,9.9
millspa01,m/millspa01,Paul Millsap,201,113,1985,Louisiana,DEN,PF,70,27.1,0.8,.365,2.6,.727,7.2,2.0,12.6
miltosh01,m/miltosh01,Shake Milton,196,93,1996,Oklahoma,PHI,SG,20,13.4,0.7,.318,0.3,.714,1.8,0.9,4.4
mirotni01,m/mirotni01,Nikola Mirotić,208,113,1991,Montenegro,TOT,PF,46,27.1,2.5,.365,2.3,.847,7.4,1.2,15.2
mitchdo01,m/mitchdo01,Donovan Mitchell,185,97,1996,New York,UTA,SG,77,33.7,2.4,.362,4.1,.806,4.1,4.2,23.8
mitrona01,m/mitrona01,Naz Mitrou-Long,190,98,1993,Canada,UTA,SG,14,6.0,0.1,.182,0.1,1.000,0.4,1.1,1.1
monkma01,m/monkma01,Malik Monk,190,90,1998,Arkansas,CHO,SG,73,17.2,1.5,.330,1.2,.882,1.9,1.6,8.9
monrogr01,m/monrogr01,Greg Monroe,211,120,1990,Louisiana,TOT,C,43,11.2,0.0,.200,1.0,.625,4.0,0.6,5.3
mooreet01,m/mooreet01,E'Twaun Moore,190,86,1989,Indiana,NOP,SG,53,27.6,1.4,.432,0.8,.763,2.4,1.9,11.9
moreler01,m/moreler01,Eric Moreland,208,107,1991,Texas,TOT,PF,5,8.6,0.2,1.000,0.0,,4.0,0.8,1.4
morrija01,m/morrija01,Jaylen Morris,196,83,1995,New York,MIL,SG,4,7.3,0.3,.333,0.3,.500,1.3,1.0,2.5
morrima03,m/morrima03,Marcus Morris,203,106,1989,Pennsylvania,BOS,PF,75,27.9,1.9,.375,1.9,.844,6.1,1.5,13.9
morrima02,m/morrima02,Markieff Morris,203,111,1989,Pennsylvania,TOT,PF,58,21.9,1.2,.335,1.2,.772,4.6,1.4,9.4
morrimo01,m/morrimo01,Monte Morris,188,79,1995,Michigan,DEN,PG,82,24.0,1.1,.414,0.8,.802,2.4,3.6,10.4
motiedo01,m/motiedo01,Donatas Motiejūnas,213,100,1990,Lithuania,SAS,PF,3,4.3,0.0,,0.0,.000,1.0,0.3,2.0
motlejo01,m/motlejo01,Johnathan Motley,203,104,1995,Texas,LAC,PF,22,7.1,0.0,.000,1.1,.600,2.3,0.5,4.6
mudiaem01,m/mudiaem01,Emmanuel Mudiay,190,90,1996,Democratic Republic of the Congo,NYK,PG,59,27.2,1.2,.329,2.4,.774,3.3,3.9,14.8
murraja01,m/murraja01,Jamal Murray,193,91,1997,Canada,DEN,PG,75,32.6,2.0,.367,2.5,.848,4.2,4.8,18.2
musadz01,m/musadz01,Džanan Musa,206,98,1999,Bosnia and Herzegovina,BRK,SG,9,4.3,0.1,.100,0.0,.000,0.6,0.2,2.1
muscami01,m/muscami01,Mike Muscala,208,108,1991,Minnesota,TOT,PF,64,20.4,1.4,.348,1.1,.824,3.8,1.2,7.0
mykhasv01,m/mykhasv01,Sviatoslav Mykhailiuk,201,92,1997,Ukraine,TOT,SF,42,10.5,0.7,.326,0.3,.600,0.9,0.9,3.2
naderab01,n/naderab01,Abdel Nader,196,102,1993,Egypt,OKC,SF,61,11.4,0.5,.320,0.4,.750,1.9,0.3,4.0
nancela02,n/nancela02,Larry Nance Jr.,201,104,1993,Ohio,CLE,C,67,26.8,0.5,.337,1.4,.716,8.2,3.2,9.4
napiesh01,n/napiesh01,Shabazz Napier,183,79,1991,Massachusetts,BRK,PG,56,17.6,1.4,.333,2.1,.833,1.8,2.6,9.4
netora01,n/netora01,Raul Neto,185,81,1992,Brazil,UTA,PG,37,12.8,0.5,.333,0.8,.848,1.7,2.5,5.3
niangge01,n/niangge01,Georges Niang,201,104,1993,Massachusetts,UTA,PF,59,8.7,0.7,.410,0.3,.833,1.5,0.6,4.0
noahjo01,n/noahjo01,Joakim Noah,211,104,1985,New York,MEM,C,42,16.5,0.0,.000,1.9,.716,5.7,2.1,7.1
noelne01,n/noelne01,Nerlens Noel,208,99,1994,Massachusetts,OKC,C,77,13.7,0.0,,0.7,.684,4.2,0.6,4.9
nowitdi01,n/nowitdi01,Dirk Nowitzki,213,111,1978,Germany,DAL,PF,51,15.6,1.3,.312,0.8,.780,3.1,0.7,7.3
ntilila01,n/ntilila01,Frank Ntilikina,193,86,1998,Belgium,NYK,PG,43,21.0,0.8,.287,0.5,.767,2.0,2.8,5.7
nunnaja01,n/nunnaja01,James Nunnally,201,94,1990,California,TOT,SF,15,6.8,0.5,.320,0.3,1.000,0.3,0.5,2.4
nurkiju01,n/nurkiju01,Jusuf Nurkić,213,127,1994,Bosnia and Herzegovina,POR,C,72,27.4,0.0,.103,3.9,.773,10.4,3.2,15.6
nwabada01,n/nwabada01,David Nwaba,196,99,1993,California,CLE,SG,51,19.3,0.5,.320,1.1,.682,3.2,1.1,6.5
onealro01,o/onealro01,Royce O'Neale,193,102,1993,Texas,UTA,SF,82,20.4,0.8,.386,0.4,.762,3.5,1.5,5.2
oquinky01,o/oquinky01,Kyle O'Quinn,206,113,1990,New York,IND,C,45,8.2,0.0,.083,0.4,.810,2.6,1.2,3.5
ojelese01,o/ojelese01,Semi Ojeleye,198,106,1994,Kansas,BOS,PF,56,10.6,0.5,.315,0.4,.615,1.5,0.4,3.3
okafoja01,o/okafoja01,Jahlil Okafor,208,124,1995,Illinois,NOP,C,59,15.8,0.0,.200,1.0,.663,4.7,0.7,8.2
okoboel01,o/okoboel01,Elie Okobo,190,86,1997,France,PHO,PG,53,18.1,0.7,.295,0.7,.787,1.8,2.4,5.7
okogijo01,o/okogijo01,Josh Okogie,193,96,1998,Nigeria,MIN,SG,74,23.7,0.8,.279,1.6,.728,2.9,1.2,7.7
oladivi01,o/oladivi01,Victor Oladipo,193,95,1992,Maryland,IND,SG,36,31.9,2.1,.343,2.9,.730,5.6,5.2,18.8
olynyke01,o/olynyke01,Kelly Olynyk,211,108,1991,Canada,MIA,PF,79,22.9,1.4,.354,1.9,.822,4.7,1.8,10.0
osmande01,o/osmande01,Cedi Osman,201,97,1995,Macedonia,CLE,SF,76,32.2,1.7,.348,1.9,.779,4.7,2.6,13.0
oubreke01,o/oubreke01,Kelly Oubre Jr.,201,92,1995,Louisiana,TOT,SF,69,28.0,1.6,.320,2.7,.775,4.7,1.2,15.2
pachuza01,p/pachuza01,Zaza Pachulia,211,122,1984,Georgia,DET,C,68,12.9,0.0,.000,1.4,.782,3.9,1.3,3.9
parkeja01,p/parkeja01,Jabari Parker,203,111,1995,Illinois,TOT,PF,64,26.9,1.0,.313,2.0,.712,6.6,2.4,14.5
parketo01,p/parketo01,Tony Parker,188,83,1982,Belgium,CHO,PG,56,17.9,0.2,.255,1.6,.734,1.5,3.7,9.5
parsoch01,p/parsoch01,Chandler Parsons,206,104,1988,Florida,MEM,SF,25,19.8,1.2,.309,0.9,.880,2.8,1.7,7.5
pattepa01,p/pattepa01,Patrick Patterson,203,104,1989,District of Columbia,OKC,PF,63,13.7,0.7,.336,0.3,.633,2.3,0.5,3.6
pattoju01,p/pattoju01,Justin Patton,211,109,1997,Georgia,PHI,C,3,7.0,0.0,.000,0.3,.500,2.0,1.0,1.7
paulch01,p/paulch01,Chris Paul,185,79,1985,North Carolina,HOU,PG,58,32.0,2.2,.358,3.0,.862,4.6,8.2,15.6
payneca01,p/payneca01,Cameron Payne,190,86,1994,Tennessee,TOT,PG,40,17.8,0.6,.298,0.8,.805,1.8,2.7,6.3
paytoel01,p/paytoel01,Elfrid Payton,190,83,1994,Louisiana,NOP,PG,42,29.8,0.8,.314,1.3,.743,5.2,7.6,10.6
paytoga02,p/paytoga02,Gary Payton II,190,86,1992,Washington,WAS,PG,3,5.3,0.3,.500,0.0,,0.7,1.3,3.7
pinsoth01,p/pinsoth01,Theo Pinson,196,96,1995,North Carolina,BRK,SG,18,11.7,0.7,.261,1.1,.864,2.0,1.2,4.5
plumlma01,p/plumlma01,Mason Plumlee,211,107,1990,Indiana,DEN,C,82,21.1,0.0,.200,1.4,.561,6.4,3.0,7.8
plumlmi01,p/plumlmi01,Miles Plumlee,211,112,1988,Indiana,ATL,C,18,9.6,0.0,,0.9,.533,2.2,0.9,4.4
poeltja01,p/poeltja01,Jakob Poeltl,216,104,1995,Austria,SAS,C,77,16.5,0.0,,0.6,.533,5.3,1.2,5.5
pondequ01,p/pondequ01,Quincy Pondexter,201,104,1988,California,SAS,SF,53,5.5,0.1,.333,0.6,.810,0.9,0.5,1.8
porteot01,p/porteot01,Otto Porter,203,89,1993,Missouri,TOT,SF,56,30.1,1.9,.406,1.4,.813,5.6,2.1,13.9
portibo01,p/portibo01,Bobby Portis,208,111,1995,Arkansas,TOT,PF,50,26.0,1.5,.393,1.5,.794,8.1,1.4,14.2
poweldw01,p/poweldw01,Dwight Powell,208,108,1991,Canada,DAL,C,77,21.6,0.5,.307,2.5,.772,5.3,1.5,10.6
powelno01,p/powelno01,Norman Powell,190,97,1993,California,TOR,SG,60,18.8,1.1,.400,1.0,.827,2.3,1.5,8.6
poythal01,p/poythal01,Alex Poythress,206,106,1993,Georgia,ATL,PF,21,14.5,0.4,.391,0.9,.621,3.6,0.8,5.1
qizh01,q/qizh01,Zhou Qi,216,95,1996,China,HOU,PF,1,1.0,0.0,,0.0,,0.0,0.0,2.0
rabbiv01,r/rabbiv01,Ivan Rabb,208,99,1997,California,MEM,PF,49,14.7,0.1,.200,1.0,.710,4.2,1.1,5.8
randlch01,r/randlch01,Chasson Randle,188,83,1993,Illinois,WAS,PG,49,15.2,0.9,.400,0.9,.694,1.1,2.0,5.5
randlju01,r/randlju01,Julius Randle,203,113,1994,Texas,NOP,PF,73,30.6,0.9,.344,4.9,.731,8.7,3.1,21.4
redicjj01,r/redicjj01,J.J. Redick,190,90,1984,Tennessee,PHI,SG,76,31.3,3.2,.397,3.0,.894,2.4,2.7,18.1
reedda01,r/reedda01,Davon Reed,196,94,1995,New Jersey,IND,SG,10,4.7,0.2,.500,0.0,,0.6,0.3,1.2
reynoca01,r/reynoca01,Cameron Reynolds,201,102,1995,Texas,MIN,SG,19,13.6,1.1,.412,0.4,.889,1.6,0.7,5.0
richajo01,r/richajo01,Josh Richardson,196,90,1993,Oklahoma,MIA,SG,73,34.8,2.2,.357,2.7,.861,3.6,4.1,16.6
richama01,r/richama01,Malachi Richardson,198,92,1996,New Jersey,TOR,SG,22,4.7,0.4,.320,0.2,.800,0.6,0.0,1.4
riverau01,r/riverau01,Austin Rivers,190,90,1992,California,TOT,SG,76,26.7,1.4,.318,0.7,.526,2.1,2.2,8.1
robinde01,r/robinde01,Devin Robinson,203,90,1995,Virginia,WAS,SF,7,13.6,0.0,.000,1.3,.643,2.9,0.9,6.7
robindu01,r/robindu01,Duncan Robinson,201,97,1994,Maine,MIA,PF,15,10.7,0.7,.286,0.3,.667,1.3,0.3,3.3
robingl02,r/robingl02,Glenn Robinson III,198,100,1994,Indiana,DET,SF,47,13.0,0.4,.290,0.7,.800,1.5,0.4,4.2
robinje01,r/robinje01,Jerome Robinson,193,86,1997,North Carolina,LAC,SG,33,9.7,0.5,.316,0.2,.667,1.2,0.6,3.4
robinmi01,r/robinmi01,Mitchell Robinson,213,101,1998,Florida,NYK,C,66,20.6,0.0,,1.2,.600,6.4,0.6,7.3
rondora01,r/rondora01,Rajon Rondo,185,84,1986,Kentucky,LAL,PG,46,29.8,1.1,.359,0.5,.639,5.3,8.0,9.2
rosede01,r/rosede01,Derrick Rose,188,90,1988,Illinois,MIN,PG,51,27.3,1.1,.370,2.7,.856,2.7,4.3,18.0
rosste01,r/rosste01,Terrence Ross,198,93,1991,Oregon,ORL,SG,81,26.5,2.7,.383,1.6,.875,3.5,1.7,15.1
roziete01,r/roziete01,Terry Rozier,185,86,1994,Ohio,BOS,PG,79,22.7,1.5,.353,0.9,.785,3.9,2.9,9.0
rubiori01,r/rubiori01,Ricky Rubio,190,86,1990,Spain,UTA,PG,68,27.9,1.2,.311,2.9,.855,3.6,6.1,12.7
russeda01,r/russeda01,D'Angelo Russell,193,89,1996,Kentucky,BRK,PG,81,30.2,2.9,.369,2.0,.780,3.9,7.0,21.1
sabondo01,s/sabondo01,Domantas Sabonis,211,108,1996,Oregon,IND,C,74,24.8,0.1,.529,2.8,.715,9.3,2.9,14.1
sampsbr01,s/sampsbr01,Brandon Sampson,196,83,1997,Louisiana,CHI,SG,14,15.3,0.8,.379,0.3,.667,1.1,0.7,5.1
sampsja02,s/sampsja02,JaKarr Sampson,201,97,1993,Ohio,CHI,SF,4,31.8,1.3,.357,4.3,.810,8.0,1.0,20.0
saricda01,s/saricda01,Dario Šarić,208,102,1994,Croatia,TOT,PF,81,25.0,1.5,.365,1.6,.880,5.6,1.6,10.6
satorto01,s/satorto01,Tomáš Satoranský,201,89,1991,Czech Republic,WAS,PG,80,27.1,0.8,.395,1.6,.819,3.5,5.0,8.9
schrode01,s/schrode01,Dennis Schröder,185,78,1993,Germany,OKC,PG,79,29.3,1.6,.341,2.4,.819,3.6,4.1,15.5
scottmi01,s/scottmi01,Mike Scott,201,107,1988,Virginia,TOT,PF,79,17.7,1.3,.401,0.3,.667,3.5,0.8,5.8
sefolth01,s/sefolth01,Thabo Sefolosha,198,99,1984,Switzerland,UTA,SF,50,12.2,0.7,.436,0.3,.636,2.5,0.5,3.8
seldewa01,s/seldewa01,Wayne Selden,196,104,1994,Massachusetts,TOT,SG,75,19.2,0.7,.316,0.9,.728,2.4,1.5,6.9
sextoco01,s/sextoco01,Collin Sexton,185,86,1999,Georgia,CLE,PG,82,31.8,1.5,.402,2.6,.839,2.9,3.0,16.7
shamela01,s/shamela01,Landry Shamet,193,85,1997,Missouri,TOT,SG,79,22.8,2.1,.422,0.9,.806,1.7,1.5,9.1
shumpim01,s/shumpim01,Iman Shumpert,196,97,1990,Illinois,TOT,SG,62,23.9,1.5,.348,0.6,.800,3.0,1.8,7.5
siakapa01,s/siakapa01,Pascal Siakam,206,104,1994,Cameroon,TOR,PF,80,31.9,1.0,.369,3.0,.785,6.9,3.1,16.9
siberjo01,s/siberjo01,Jordan Sibert,193,84,1992,Ohio,ATL,SG,1,4.0,1.0,1.000,0.0,,0.0,0.0,3.0
simmobe01,s/simmobe01,Ben Simmons,208,104,1996,Australia,PHI,PG,79,34.2,0.0,.000,3.3,.600,8.8,7.7,16.9
simmojo02,s/simmojo02,Jonathon Simmons,198,88,1989,Texas,TOT,"SF,SG",56,19.0,0.5,.269,1.3,.742,2.3,2.3,6.5
simmoko01,s/simmoko01,Kobi Simmons,196,75,1997,Georgia,CLE,PG,1,2.0,0.0,,0.0,,0.0,0.0,0.0
simonan01,s/simonan01,Anfernee Simons,190,82,1999,Florida,POR,SG,20,7.1,0.5,.345,0.5,.563,0.7,0.7,3.8
smartma01,s/smartma01,Marcus Smart,190,102,1994,Texas,BOS,SG,80,27.5,1.6,.364,1.3,.806,2.9,4.0,8.9
smithde03,s/smithde03,Dennis Smith Jr.,188,88,1997,North Carolina,TOT,PG,53,28.5,1.3,.322,1.9,.635,2.9,4.8,13.6
smithis01,s/smithis01,Ish Smith,183,79,1988,North Carolina,DET,PG,56,22.3,0.8,.326,0.8,.758,2.6,3.6,8.9
smithjr01,s/smithjr01,J.R. Smith,198,102,1985,New Jersey,CLE,SG,11,20.2,1.1,.308,0.7,.800,1.6,1.9,6.7
smithja02,s/smithja02,Jason Smith,213,108,1986,Colorado,TOT,"C,PF",20,9.5,0.5,.346,0.7,.875,2.6,0.7,3.3
smithzh01,s/smithzh01,Zhaire Smith,190,90,1999,Texas,PHI,SG,6,18.5,1.0,.375,1.0,.750,2.2,1.7,6.7
snellto01,s/snellto01,Tony Snell,198,96,1991,California,MIL,SF,74,17.6,1.1,.397,0.5,.881,2.1,0.9,6.0
spaldra01,s/spaldra01,Ray Spalding,208,97,1997,Kentucky,TOT,PF,14,10.6,0.0,.000,0.3,.333,3.4,0.4,3.9
spellom01,s/spellom01,Omari Spellman,203,111,1997,Ohio,ATL,PF,46,17.5,1.0,.344,0.7,.711,4.2,1.0,5.9
stausni01,s/stausni01,Nik Stauskas,198,92,1993,Canada,TOT,SG,68,14.9,1.0,.372,0.8,.891,1.9,1.2,5.9
stephdj01,s/stephdj01,D.J. Stephens,196,85,1990,Texas,MEM,SG,1,7.0,0.0,,0.0,,0.0,0.0,2.0
stephla01,s/stephla01,Lance Stephenson,198,104,1990,New York,LAL,SG,68,16.5,1.1,.371,0.7,.685,3.2,2.1,7.2
sumneed01,s/sumneed01,Edmond Sumner,193,79,1995,Michigan,IND,PG,23,9.1,0.3,.259,0.7,.625,1.0,0.4,2.9
swanica01,s/swanica01,Caleb Swanigan,206,117,1997,Indiana,TOT,PF,21,8.5,0.0,.143,0.3,.667,3.0,0.5,2.0
tatumja01,t/tatumja01,Jayson Tatum,203,92,1998,Missouri,BOS,SF,79,31.1,1.5,.373,2.5,.855,6.0,2.1,15.7
teaguje01,t/teaguje01,Jeff Teague,190,88,1988,Indiana,MIN,PG,42,30.1,0.8,.333,2.9,.804,2.5,8.2,12.1
templga01,t/templga01,Garrett Temple,196,88,1986,Louisiana,TOT,SG,75,27.2,1.2,.341,1.1,.748,2.9,1.4,7.8
teodomi01,t/teodomi01,Miloš Teodosić,196,88,1987,Serbia,LAC,PG,15,10.0,0.7,.370,0.3,.571,1.1,2.1,3.2
terreja01,t/terreja01,Jared Terrell,190,102,1995,Massachusetts,MIN,SG,14,7.9,0.3,.235,0.2,.500,0.4,0.9,2.2
terryem01,t/terryem01,Emanuel Terry,206,99,1996,Alabama,TOT,PF,3,7.7,0.0,,0.7,.500,2.3,0.7,3.3
theisda01,t/theisda01,Daniel Theis,203,97,1992,Germany,BOS,C,66,13.8,0.4,.388,0.8,.737,3.4,1.0,5.7
thomais02,t/thomais02,Isaiah Thomas,175,83,1989,Washington,DEN,SG,12,15.1,1.0,.279,1.4,.630,1.1,1.9,8.1
thomakh01,t/thomakh01,Khyri Thomas,190,95,1996,Nebraska,DET,SG,26,7.5,0.4,.286,0.3,.636,0.8,0.3,2.3
thomala01,t/thomala01,Lance Thomas,203,108,1988,New York,NYK,PF,46,17.0,0.5,.278,0.6,.750,2.5,0.6,4.5
thompkl01,t/thompkl01,Klay Thompson,198,97,1990,California,GSW,SG,78,34.0,3.1,.402,1.7,.816,3.8,2.4,21.5
thomptr01,t/thomptr01,Tristan Thompson,206,107,1991,Canada,CLE,C,43,27.9,0.0,,1.6,.642,10.2,2.0,10.9
thornsi01,t/thornsi01,Sindarius Thornwell,196,97,1994,South Carolina,LAC,SG,64,4.9,0.0,.200,0.4,.735,0.7,0.3,1.0
tollian01,t/tollian01,Anthony Tolliver,203,108,1985,Missouri,MIN,PF,65,16.6,1.2,.377,0.7,.783,2.7,0.7,5.0
townska01,t/townska01,Karl-Anthony Towns,211,112,1995,New Jersey,MIN,C,77,33.1,1.8,.400,4.9,.836,12.4,3.4,24.4
trentga02,t/trentga02,Gary Trent Jr.,196,94,1999,Ohio,POR,SG,15,7.4,0.3,.238,0.2,.429,0.7,0.3,2.7
trieral01,t/trieral01,Allonzo Trier,193,90,1996,Washington,NYK,SG,64,22.8,0.8,.394,2.8,.803,3.1,1.9,10.9
tuckepj01,t/tuckepj01,P.J. Tucker,196,111,1985,North Carolina,HOU,PF,82,34.2,1.8,.377,0.5,.695,5.8,1.2,7.3
turneev01,t/turneev01,Evan Turner,198,99,1988,Illinois,POR,PG,73,22.0,0.2,.212,1.0,.708,4.5,3.9,6.8
turnemy01,t/turnemy01,Myles Turner,211,113,1996,Texas,IND,C,74,28.6,1.0,.388,2.0,.736,7.2,1.6,13.3
udohek01,u/udohek01,Ekpe Udoh,208,111,1987,Oklahoma,UTA,C,51,6.3,0.0,,0.4,.633,1.8,0.5,2.3
ulisty01,u/ulisty01,Tyler Ulis,178,72,1996,Michigan,CHI,PG,1,1.0,0.0,,0.0,,0.0,0.0,0.0
valanjo01,v/valanjo01,Jonas Valančiūnas,211,120,1992,Lithuania,TOT,C,49,22.3,0.3,.292,3.0,.795,8.6,1.4,15.6
vandeja01,v/vandeja01,Jarred Vanderbilt,206,97,1999,Texas,DEN,PF,17,4.1,0.0,.000,0.4,.600,1.4,0.2,1.4
vanvlfr01,v/vanvlfr01,Fred VanVleet,185,88,1994,Illinois,TOR,PG,64,27.5,1.8,.378,1.5,.843,2.6,4.8,11.0
vonleno01,v/vonleno01,Noah Vonleh,208,116,1995,Massachusetts,NYK,PF,68,25.3,0.7,.336,1.6,.712,7.8,1.9,8.4
vucevni01,v/vucevni01,Nikola Vučević,211,117,1990,Switzerland,ORL,C,80,31.4,1.1,.364,2.2,.789,12.0,3.8,20.8
wadedw01,w/wadedw01,Dwyane Wade,193,99,1982,Illinois,MIA,SG,72,26.2,1.2,.330,2.3,.708,4.0,4.2,15.0
wagnemo01,w/wagnemo01,Moritz Wagner,211,111,1997,Germany,LAL,C,43,10.4,0.5,.286,1.0,.811,2.0,0.6,4.8
waitedi01,w/waitedi01,Dion Waiters,190,97,1991,Pennsylvania,MIA,SG,44,25.9,2.5,.377,0.5,.500,2.6,2.8,12.0
walkeke02,w/walkeke02,Kemba Walker,183,78,1990,New York,CHO,PG,82,34.9,3.2,.356,4.6,.844,4.4,5.9,25.6
walkelo01,w/walkelo01,Lonnie Walker,196,92,1998,Pennsylvania,SAS,SG,17,6.9,0.3,.385,0.5,.800,1.0,0.5,2.6
walljo01,w/walljo01,John Wall,193,95,1990,North Carolina,WAS,PG,32,34.5,1.6,.302,3.8,.697,3.6,8.7,20.7
wallaty01,w/wallaty01,Tyrone Wallace,196,89,1994,California,LAC,PG,62,10.1,0.1,.211,0.5,.526,1.6,0.7,3.5
princta02,p/princta02,Taurean Prince,201,98,1994,Texas,ATL,SF,55,28.2,2.2,.390,1.7,.819,3.6,2.1,13.5
wanambr01,w/wanambr01,Brad Wanamaker,190,95,1989,Pennsylvania,BOS,PG,36,9.5,0.4,.410,0.7,.857,1.1,1.6,3.9
warretj01,w/warretj01,T.J. Warren,203,97,1993,North Carolina,PHO,SF,43,31.6,1.8,.428,2.3,.815,4.0,1.5,18.0
washbju01,w/washbju01,Julian Washburn,203,95,1991,Texas,MEM,SF,18,14.1,0.3,.208,0.2,.750,2.3,0.8,2.2
watanyu01,w/watanyu01,Yuta Watanabe,203,92,1994,Japan,MEM,SF,15,11.6,0.1,.125,0.5,.700,2.1,0.5,2.6
welshth01,w/welshth01,Thomas Welsh,213,115,1996,California,DEN,C,11,3.3,0.3,.429,0.1,.500,0.4,0.5,1.6
westbru01,w/westbru01,Russell Westbrook,190,90,1988,California,OKC,PG,73,36.0,1.6,.290,4.1,.656,11.1,10.7,22.9
whitede01,w/whitede01,Derrick White,193,86,1994,Colorado,SAS,PG,67,25.8,0.7,.338,1.4,.772,3.7,3.9,9.9
whiteok01,w/whiteok01,Okaro White,203,92,1992,Florida,WAS,PF,3,2.0,0.0,.000,0.0,,0.7,0.0,0.0
whiteha01,w/whiteha01,Hassan Whiteside,213,106,1989,North Carolina,MIA,C,72,23.3,0.0,.125,1.5,.449,11.3,0.8,12.3
wiggian01,w/wiggian01,Andrew Wiggins,201,87,1995,Canada,MIN,SF,73,34.8,1.6,.339,2.8,.699,4.8,2.5,18.1
willial03,w/willial03,Alan Williams,203,120,1993,Arizona,BRK,PF,5,5.2,0.0,.000,0.4,.500,3.8,0.6,3.6
willicj01,w/willicj01,C.J. Williams,196,102,1990,North Carolina,MIN,SG,15,8.5,0.3,.313,0.0,.000,0.5,0.8,2.6
willijo04,w/willijo04,Johnathan Williams,206,103,1995,Tennessee,LAL,C,24,15.5,0.0,.000,1.1,.563,4.1,0.5,6.5
willike04,w/willike04,Kenrich Williams,198,95,1994,Texas,NOP,SF,46,23.5,1.1,.333,0.3,.684,4.8,1.8,6.1
willilo02,w/willilo02,Lou Williams,185,79,1986,Tennessee,LAC,SG,75,26.6,1.4,.361,5.7,.876,3.0,5.4,20.0
willima02,w/willima02,Marvin Williams,203,107,1986,Washington,CHO,PF,75,28.4,1.9,.366,0.9,.767,5.4,1.2,10.1
williro04,w/williro04,Robert Williams,203,107,1997,Louisiana,BOS,C,32,8.8,0.0,,0.3,.600,2.5,0.2,2.5
willitr02,w/willitr02,Troy Williams,201,98,1994,Virginia,SAC,SF,21,14.9,0.7,.318,0.4,.600,2.8,0.5,5.3
wilsodj01,w/wilsodj01,D.J. Wilson,208,104,1996,California,MIL,PF,48,18.4,1.0,.362,0.5,.553,4.6,1.1,5.8
winslju01,w/winslju01,Justise Winslow,198,102,1996,Texas,MIA,SF,66,29.7,1.5,.375,1.3,.628,5.4,4.3,12.6
woodch01,w/woodch01,Christian Wood,208,97,1995,California,TOT,PF,21,12.0,0.4,.346,2.0,.732,4.0,0.4,8.2
wrighde01,w/wrighde01,Delon Wright,196,83,1992,California,TOT,PG,75,22.7,0.7,.298,1.6,.793,3.5,3.3,8.7
yabusgu01,y/yabusgu01,Guerschon Yabusele,203,117,1995,France,BOS,PF,41,6.1,0.2,.321,0.4,.682,1.3,0.4,2.3
youngni01,y/youngni01,Nick Young,201,95,1985,California,DEN,SG,4,9.3,0.8,.375,0.0,,0.3,0.5,2.3
youngth01,y/youngth01,Thaddeus Young,203,99,1988,Louisiana,IND,PF,81,30.7,0.6,.349,1.1,.644,6.5,2.5,12.6
youngtr01,y/youngtr01,Trae Young,185,81,1998,Texas,ATL,PG,81,30.9,1.9,.324,4.2,.829,3.7,8.1,19.1
zelleco01,z/zelleco01,Cody Zeller,213,108,1992,Indiana,CHO,C,49,25.4,0.1,.273,2.3,.787,6.8,2.1,10.1
zellety01,z/zellety01,Tyler Zeller,213,114,1990,California,TOT,C,6,15.5,0.0,.000,2.3,.778,4.0,0.7,7.7
zizican01,z/zizican01,Ante Žižić,208,115,1997,Croatia,CLE,C,59,18.3,0.0,,1.6,.705,5.4,0.9,7.8
zubaciv01,z/zubaciv01,Ivica Zubac,213,108,1997,Bosnia and Herzegovina,TOT,C,59,17.6,0.0,,1.7,.802,6.1,1.1,8.9
